ID,A01,A02,A03,A04,A05,A06,A07,A08,A09,A10,A11,A12,Jenis_Kelamin
R0001,4,3,4,5,5,4,5,3,5,3,4,5,P
R0002,5,4,5,4,3,3,3,3,3,5,4,4,P
R0003,3,4,3,4,2,2,1,2,1,4,1,1,L
R0004,3,2,4,1,2,2,3,2,4,3,2,3,P
R0005,2,2,4,4,3,4,4,3,5,4,2,5,P
R0006,4,4,5,4,4,1,4,3,2,3,2,4,L
R0007,5,4,3,4,2,3,4,4,4,4,4,2,L
R0008,3,1,3,4,4,2,3,,4,3,2,4,L
R0009,5,5,5,4,5,3,3,4,5,4,5,5,L
R0010,4,5,5,5,4,4,,5,4,5,4,4,L
R0011,4,3,3,4,4,1,2,1,1,5,2,4,P
R0012,5,5,5,5,5,5,5,4,5,4,3,5,L
R0013,5,5,5,3,3,4,4,3,3,5,3,4,P
R0014,5,3,5,4,2,3,5,,2,4,3,4,P
R0015,4,2,4,1,4,1,1,2,1,2,1,2,L
R0016,4,4,4,5,4,3,3,3,4,3,3,3,L
R0017,5,5,5,5,5,5,5,4,5,5,3,5,L
R0018,5,5,5,4,4,4,4,4,4,5,2,4,L
R0019,5,5,5,4,4,5,5,5,4,5,4,5,L
R0020,5,4,5,3,5,1,3,4,2,5,1,3,L
R0021,3,3,3,5,4,,2,,4,4,3,2,L
R0022,1,3,4,2,1,2,2,3,2,3,2,2,P
R0023,4,4,4,3,2,3,3,2,2,4,3,2,P
R0024,4,5,5,5,5,4,3,3,4,5,4,5,P
R0025,4,4,4,4,4,,4,5,4,4,,5,P
R0026,5,5,4,4,4,4,3,2,5,5,3,5,P
R0027,3,2,3,3,2,1,3,1,1,,2,3,P
R0028,5,4,5,5,5,4,4,4,5,5,3,5,P
R0029,4,5,4,5,4,3,5,4,5,4,4,2,L
R0030,4,4,3,3,4,2,2,3,1,2,1,2,L
R0031,5,3,5,4,4,3,3,3,4,3,4,4,P
R0032,4,5,4,4,5,4,2,4,2,5,3,3,L
R0033,3,3,4,3,3,1,3,3,3,3,2,3,P
R0034,4,4,4,2,4,2,4,4,4,4,3,4,P
R0035,3,2,4,4,3,2,1,2,2,5,3,3,L
R0036,3,1,4,2,4,2,1,2,2,4,2,2,P
R0037,3,3,5,4,4,4,3,4,4,4,4,4,L
R0038,5,4,5,4,5,2,2,3,5,4,3,3,P
R0039,4,2,3,4,3,3,4,4,1,3,3,4,P
R0040,,4,5,5,4,4,3,3,2,4,5,4,P
R0041,5,4,4,2,3,2,2,2,4,5,3,5,L
R0042,3,3,2,3,2,3,1,3,2,4,1,2,P
R0043,5,4,4,5,4,3,5,4,5,5,4,5,L
R0044,5,4,5,4,4,4,4,4,4,4,3,4,P
R0045,3,3,4,2,3,2,2,4,2,3,2,3,L
R0046,2,4,4,5,5,3,4,5,3,4,2,5,L
R0047,2,2,3,4,4,2,2,3,2,3,2,4,P
R0048,5,5,4,4,3,3,4,2,1,4,3,5,L
R0049,4,3,4,4,5,5,3,4,5,4,3,4,L
R0050,3,4,1,2,2,2,1,2,2,3,1,1,L
R0051,3,4,3,3,2,2,2,1,2,3,1,3,P
R0052,4,4,5,3,4,1,2,4,4,4,2,4,L
R0053,3,4,5,5,3,3,4,4,3,5,3,3,L
R0054,4,3,5,4,5,3,2,3,3,3,2,3,L
R0055,4,3,4,2,4,3,2,3,1,5,2,3,P
R0056,5,4,4,3,4,3,2,4,4,5,3,4,L
R0057,3,4,2,2,3,2,1,3,2,3,3,3,P
R0058,4,3,5,4,3,2,3,3,4,5,2,4,L
R0059,5,4,4,4,4,4,2,,3,4,4,4,L
R0060,3,5,4,4,4,3,4,4,3,4,4,4,L
R0061,5,4,5,4,4,4,3,3,3,3,4,2,P
R0062,5,4,5,5,5,3,4,5,5,5,4,4,L
R0063,4,4,5,5,5,4,5,5,5,5,4,5,P
R0064,4,5,5,5,4,4,4,4,2,5,3,3,L
R0065,5,5,5,4,5,3,4,4,4,5,4,4,L
R0066,4,3,5,2,2,3,2,4,1,5,2,3,L
R0067,3,2,4,2,4,2,3,1,2,2,1,5,P
R0068,4,3,4,4,2,3,3,4,2,3,2,4,L
R0069,5,,3,3,5,4,2,3,3,4,3,4,P
R0070,5,4,5,5,3,5,3,3,5,5,4,5,P
R0071,5,4,4,4,4,4,3,4,4,4,4,3,P
R0072,4,3,3,2,1,1,2,4,1,3,2,3,L
R0073,2,1,2,2,1,2,3,1,2,3,1,3,P
R0074,4,3,3,4,3,1,3,4,2,2,1,2,L
R0075,3,5,5,3,4,5,4,2,2,3,1,3,P
R0076,2,5,3,4,1,2,1,3,2,3,2,2,P
R0077,3,5,4,4,2,3,2,4,4,4,3,3,P
R0078,5,4,5,4,3,4,3,3,4,4,4,4,L
R0079,5,2,4,4,4,3,3,5,2,5,2,3,L
R0080,5,5,5,4,4,4,4,5,5,5,3,5,P
R0081,5,4,3,2,3,1,2,4,2,3,2,4,P
R0082,4,3,5,4,2,3,4,3,2,3,3,3,L
R0083,5,4,5,5,3,3,4,3,5,4,3,5,L
R0084,5,5,5,4,4,4,5,5,4,4,4,5,L
R0085,5,4,5,3,5,5,4,5,5,5,5,4,L
R0086,5,3,3,3,1,2,1,2,2,4,2,3,P
R0087,4,4,5,4,3,1,2,3,2,3,2,2,P
R0088,5,3,5,4,3,1,4,2,2,3,1,3,P
R0089,4,3,5,4,4,2,4,5,4,4,2,5,L
R0090,,5,2,3,3,2,3,2,4,4,2,2,L
R0091,5,5,3,5,4,4,5,5,5,5,4,5,P
R0092,4,2,5,4,5,2,3,3,4,3,3,5,P
R0093,4,4,3,4,3,1,4,4,4,4,2,3,L
R0094,3,2,4,3,3,2,2,2,,3,3,3,L
R0095,2,2,3,3,1,1,2,3,1,2,1,3,L
R0096,4,3,2,4,2,1,2,3,1,2,1,3,P
R0097,2,4,4,5,4,1,3,2,2,2,4,4,L
R0098,3,,3,5,3,3,2,,4,4,4,4,L
R0099,5,5,5,5,4,3,4,3,3,3,5,4,L
R0100,1,3,3,2,2,3,3,2,2,3,2,3,P
R0101,4,4,5,5,4,4,3,4,4,5,2,5,P
R0102,3,3,5,5,2,4,3,3,4,5,2,5,P
R0103,5,5,4,5,5,5,4,5,5,4,5,4,P
R0104,3,2,2,4,,2,4,3,2,3,2,3,L
R0105,4,4,3,3,3,4,2,5,2,3,1,4,P
R0106,5,5,5,5,5,2,4,5,5,5,5,4,P
R0107,4,2,3,2,1,1,2,2,2,1,2,3,P
R0108,2,3,4,4,3,2,3,1,1,2,1,3,L
R0109,4,4,5,3,3,2,2,1,2,2,2,2,L
R0110,2,2,3,3,3,3,2,1,2,3,4,3,L
R0111,3,4,5,3,4,4,3,4,2,4,4,5,L
R0112,4,4,4,4,3,4,3,3,5,5,3,4,P
R0113,5,3,4,3,4,3,1,3,4,4,3,4,L
R0114,5,5,5,5,5,5,5,5,5,5,5,5,L
R0115,4,5,3,5,3,2,3,5,2,4,3,4,L
R0116,4,3,4,2,4,2,1,3,2,3,4,2,P
R0117,4,3,5,4,4,3,2,3,5,3,3,4,P
R0118,2,1,3,2,1,1,1,1,1,1,1,2,P
R0119,3,3,5,2,2,2,1,2,4,3,2,3,L
R0120,4,2,4,3,4,2,2,3,2,,3,2,L
R0121,4,2,5,4,3,3,3,2,2,4,2,4,L
R0122,5,4,5,5,4,4,4,4,4,4,5,5,P
R0123,5,4,4,3,4,3,2,2,4,4,3,4,L
R0124,5,4,4,3,4,4,1,3,2,3,4,3,P
R0125,5,5,4,5,5,3,5,4,4,4,,4,P
R0126,3,3,4,2,2,1,2,1,1,3,2,2,L
R0127,3,2,4,5,2,1,2,3,2,2,2,4,L
R0128,3,4,5,4,4,3,4,2,4,5,2,2,P
R0129,3,3,2,3,2,2,3,1,3,4,2,3,L
R0130,4,4,5,3,3,3,2,4,1,4,3,5,L
R0131,3,4,3,3,2,2,3,1,4,3,1,2,P
R0132,1,2,3,3,4,1,2,3,4,3,2,4,L
R0133,4,4,5,3,1,1,1,2,4,4,2,3,L
R0134,2,5,5,5,5,4,4,2,5,4,5,5,P
R0135,4,5,5,5,3,4,4,4,5,5,3,4,P
R0136,5,3,4,3,5,2,2,4,1,4,2,3,L
R0137,4,4,5,5,4,2,3,2,1,3,2,2,L
R0138,5,4,3,5,3,3,4,5,4,4,4,4,L
R0139,3,3,4,4,3,2,1,2,1,3,3,3,P
R0140,4,3,4,3,4,4,4,5,3,4,3,2,P
R0141,4,4,4,3,4,1,3,2,2,5,2,4,P
R0142,1,2,4,3,3,2,3,2,1,3,1,2,P
R0143,4,3,4,4,2,4,2,2,2,4,1,3,L
R0144,4,3,4,3,3,4,3,5,2,3,,4,P
R0145,3,3,5,3,2,2,3,5,3,3,3,3,P
R0146,3,4,4,4,4,4,2,5,3,5,4,4,P
R0147,4,3,4,3,3,4,2,3,3,3,3,3,L
R0148,3,2,2,3,2,1,1,2,1,3,1,1,P
R0149,2,2,2,3,2,2,1,,2,3,4,3,P
R0150,3,2,2,2,4,1,4,4,2,2,3,3,L
R0151,4,3,4,4,4,3,2,3,4,4,3,4,P
R0152,3,4,3,2,1,1,1,3,2,4,2,2,P
R0153,4,4,4,3,5,5,3,4,4,4,4,4,L
R0154,3,3,4,1,3,2,3,3,1,4,4,1,L
R0155,5,5,5,5,5,4,5,5,4,5,4,5,L
R0156,4,4,4,4,2,3,3,3,4,4,3,3,P
R0157,3,3,4,3,4,3,2,4,2,4,4,4,L
R0158,4,5,5,3,3,3,4,2,4,3,3,5,L
R0159,2,2,4,2,5,2,2,3,,5,1,4,P
R0160,3,3,5,4,4,3,3,4,2,4,3,4,L
R0161,2,3,2,3,3,3,2,4,1,3,1,3,L
R0162,2,3,4,2,1,1,1,3,2,2,2,3,L
R0163,4,4,4,3,5,3,3,3,2,4,4,4,L
R0164,4,2,5,3,4,4,3,3,2,5,1,3,P
R0165,5,4,5,4,4,4,3,4,4,5,3,5,L
R0166,5,5,5,4,2,3,2,4,2,5,4,5,P
R0167,3,2,3,4,3,2,4,3,2,3,1,4,P
R0168,5,4,4,4,3,2,5,2,4,4,5,4,P
R0169,4,3,5,4,3,3,2,5,4,2,3,5,L
R0170,5,2,4,2,1,1,1,3,2,4,1,1,L
R0171,3,4,4,4,4,2,3,4,4,4,3,3,P
R0172,2,1,3,3,1,1,1,2,1,2,1,3,L
R0173,5,4,5,5,5,4,4,4,5,5,5,5,P
R0174,3,3,4,3,4,2,4,2,1,4,3,1,L
R0175,2,2,3,1,2,1,2,3,1,3,1,2,P
R0176,3,2,3,3,2,2,1,2,1,2,1,3,L
R0177,1,1,2,1,3,2,2,1,1,4,2,2,P
R0178,4,2,2,1,1,3,2,2,2,3,1,2,L
R0179,5,5,5,4,4,3,4,4,5,4,2,4,L
R0180,5,4,4,4,5,4,3,2,4,4,4,3,P
R0181,4,4,3,4,2,2,4,3,4,5,2,3,P
R0182,2,4,3,2,1,1,2,1,1,3,3,3,L
R0183,4,4,5,5,5,4,3,4,4,5,4,3,P
R0184,5,4,5,4,5,2,4,3,5,4,5,5,L
R0185,5,4,4,3,3,2,3,1,4,3,3,5,P
R0186,4,3,3,1,1,3,2,2,1,3,2,2,P
R0187,3,2,3,2,1,1,2,1,1,2,1,1,P
R0188,3,2,3,4,3,1,1,1,1,3,1,3,L
R0189,4,3,4,2,3,3,2,3,4,5,1,2,P
R0190,5,4,4,4,4,4,4,3,4,5,3,4,L
R0191,4,2,5,3,3,2,3,3,4,4,4,4,P
R0192,5,3,2,4,2,2,2,1,2,2,1,4,P
R0193,5,4,5,5,4,3,5,5,5,5,5,3,P
R0194,4,3,2,2,3,3,2,1,1,2,3,3,L
R0195,5,3,,4,4,1,3,4,4,5,2,4,P
R0196,5,5,5,4,4,4,3,5,5,5,4,3,L
R0197,3,2,2,2,2,1,2,3,2,4,2,1,P
R0198,4,3,5,3,2,3,2,4,5,4,2,4,P
R0199,4,3,4,4,4,4,2,4,4,5,3,2,L
R0200,5,5,5,5,3,3,5,4,5,4,4,5,P
R0201,4,4,4,3,5,5,3,3,2,4,2,4,L
R0202,3,3,3,3,3,3,2,2,2,3,2,2,P
R0203,5,5,5,5,3,,4,4,5,5,2,4,L
R0204,5,4,4,4,5,4,4,5,5,5,4,5,P
R0205,5,5,5,5,5,5,5,4,5,5,5,5,L
R0206,2,2,1,1,3,2,2,2,1,4,2,3,L
R0207,3,,4,3,1,2,1,1,2,2,4,1,L
R0208,3,1,4,5,3,4,2,4,3,5,4,4,P
R0209,3,1,5,3,3,4,2,5,2,3,3,4,L
R0210,2,3,4,3,3,,2,2,4,3,2,3,P
R0211,3,2,3,4,4,2,,3,3,5,1,4,P
R0212,3,2,3,3,2,1,2,2,2,2,2,4,P
R0213,4,4,5,4,4,2,2,2,3,3,2,3,P
R0214,4,3,4,3,5,2,3,4,4,4,2,5,L
R0215,5,3,4,4,3,2,3,4,4,5,3,5,P
R0216,4,2,3,2,3,1,3,2,1,3,3,2,P
R0217,5,5,5,4,4,4,5,4,4,5,4,5,P
R0218,5,5,5,5,3,3,5,2,4,4,,4,P
R0219,4,4,4,5,4,3,2,2,1,2,2,3,L
R0220,2,3,2,1,3,2,2,2,1,2,1,,P
R0221,3,4,4,2,2,3,2,2,4,4,3,2,P
R0222,2,3,3,4,3,2,2,3,3,4,3,2,L
R0223,4,3,5,4,5,,1,3,4,3,3,2,L
R0224,5,4,5,3,4,3,3,3,2,5,3,3,L
R0225,5,4,5,4,3,3,4,4,5,4,1,5,L
R0226,4,4,3,4,2,2,3,3,2,5,1,4,P
R0227,4,3,2,5,2,1,2,1,2,4,1,4,L
R0228,5,5,5,4,4,3,5,2,4,5,2,3,L
R0229,5,4,5,5,4,4,4,5,4,5,3,5,P
R0230,5,4,5,4,5,5,5,5,4,5,4,5,P
R0231,5,4,5,5,3,3,3,4,,5,4,4,L
R0232,5,3,5,3,4,,3,5,4,5,3,4,L
R0233,3,2,4,2,4,1,1,3,2,4,4,2,P
R0234,4,2,4,3,2,4,3,2,2,5,3,4,P
R0235,4,4,4,4,4,4,4,5,,3,4,4,P
R0236,3,1,3,4,1,1,2,2,2,3,2,2,L
R0237,2,3,4,2,3,3,3,2,1,4,2,4,L
R0238,2,2,3,2,2,1,3,1,2,2,1,4,L
R0239,2,1,1,3,1,1,1,2,1,1,1,2,L
R0240,5,5,5,4,3,2,4,3,5,5,3,5,L
R0241,4,2,5,2,4,4,3,2,4,4,4,5,L
R0242,4,4,5,3,4,4,5,4,5,4,4,5,P
R0243,4,5,5,3,4,3,4,3,4,5,2,3,L
R0244,5,4,4,3,2,3,2,5,2,4,3,3,P
R0245,5,5,5,5,5,4,4,2,5,5,4,5,P
R0246,5,5,5,5,5,5,4,5,5,5,,5,L
R0247,3,3,4,3,4,1,5,3,2,2,3,5,L
R0248,2,3,3,2,3,1,1,2,1,1,1,2,L
R0249,5,3,4,2,4,2,2,4,3,4,4,2,P
R0250,1,1,1,1,1,1,1,2,1,1,1,1,L
R0251,5,4,4,4,4,3,3,4,2,5,3,3,L
R0252,4,4,4,2,4,2,2,4,2,4,3,3,L
R0253,3,2,4,3,4,1,2,3,2,3,2,4,L
R0254,4,4,5,5,3,2,4,4,4,4,4,5,L
R0255,5,4,4,4,2,2,4,2,5,4,4,5,P
R0256,3,2,3,2,2,2,1,1,1,3,2,4,P
R0257,4,5,5,4,5,4,4,4,4,4,3,5,L
R0258,3,,4,,4,3,5,3,4,5,5,4,P
R0259,5,4,5,4,4,3,3,3,4,4,3,4,P
R0260,4,4,3,3,5,2,2,3,2,4,3,3,L
R0261,4,2,4,3,3,3,1,1,3,4,1,2,L
R0262,4,5,4,4,5,2,2,5,4,4,3,5,L
R0263,2,3,4,3,5,2,4,3,4,5,3,4,P
R0264,4,5,5,3,4,2,1,4,1,2,2,2,P
R0265,4,5,4,5,4,3,4,3,2,3,3,4,P
R0266,2,1,3,3,1,1,2,1,4,3,1,2,L
R0267,3,4,5,5,5,3,5,5,,5,4,4,P
R0268,5,3,5,5,5,4,4,5,4,5,5,4,L
R0269,5,3,5,4,3,4,3,5,4,,2,4,P
R0270,4,4,5,3,1,3,4,3,5,5,3,5,P
R0271,5,3,5,4,4,4,4,5,5,4,5,4,P
R0272,5,4,5,5,4,3,4,4,4,5,4,5,L
R0273,5,5,5,4,4,3,2,3,2,4,4,4,P
R0274,4,4,4,4,4,3,3,3,5,4,4,5,P
R0275,1,2,4,4,3,1,3,3,2,4,3,3,L
R0276,5,5,5,5,3,5,4,5,5,5,5,5,L
R0277,4,5,4,4,4,,3,3,4,5,4,3,L
R0278,3,4,4,1,2,1,3,2,1,2,2,1,P
R0279,4,5,4,4,4,3,4,3,3,5,5,5,L
R0280,5,2,4,2,3,2,2,3,4,5,4,4,P
R0281,5,5,4,5,5,4,4,3,4,5,4,3,P
R0282,3,3,4,4,3,3,1,3,1,5,1,2,P
R0283,4,3,,5,3,1,2,2,1,4,3,4,L
R0284,5,4,5,4,3,5,4,5,4,5,4,4,L
R0285,5,4,5,3,5,4,3,5,5,5,3,4,P
R0286,5,3,4,4,5,1,4,4,4,4,3,4,L
R0287,4,5,4,4,5,2,3,4,3,4,3,5,P
R0288,5,5,5,5,4,5,5,5,5,5,5,4,L
R0289,5,5,5,,5,3,4,4,4,4,5,4,L
R0290,4,3,3,2,4,2,4,4,4,4,3,4,P
R0291,2,1,4,3,1,1,1,3,2,,2,2,P
R0292,4,3,5,5,3,3,3,3,5,5,3,4,P
R0293,5,5,5,5,5,3,5,4,4,5,4,3,L
R0294,2,3,3,3,2,1,2,2,1,3,4,3,L
R0295,5,3,4,4,3,2,3,4,4,4,2,4,P
R0296,5,4,5,4,5,4,4,,5,4,5,5,L
R0297,2,2,5,2,5,1,3,2,1,4,2,2,P
R0298,2,3,3,3,2,2,3,2,1,5,3,4,L
R0299,3,2,4,3,2,2,2,1,1,4,1,3,P
R0300,5,5,5,5,5,4,5,4,3,5,5,4,P
R0301,4,4,5,2,3,4,4,3,1,3,3,3,L
R0302,3,4,4,4,2,3,3,2,3,4,2,4,P
R0303,5,5,5,4,4,,4,4,5,5,3,4,L
R0304,3,3,4,2,4,2,3,3,2,3,3,4,P
R0305,2,4,2,2,2,2,1,2,2,2,3,2,L
R0306,5,3,3,3,4,3,3,3,2,5,2,3,L
R0307,4,4,5,5,5,2,3,2,4,4,2,3,P
R0308,4,3,3,4,4,3,1,5,4,3,2,3,L
R0309,4,3,4,5,3,2,2,1,4,2,3,2,P
R0310,4,4,5,4,4,4,3,5,5,4,4,5,L
R0311,2,4,4,3,5,4,3,3,2,5,4,4,L
R0312,3,3,4,4,2,2,3,3,1,3,3,2,L
R0313,3,4,4,4,1,2,1,1,2,2,2,3,P
R0314,4,2,5,3,3,2,4,3,4,3,2,5,P
R0315,3,3,4,3,3,1,2,2,2,4,2,4,P
R0316,3,2,5,3,4,3,2,5,2,3,1,3,P
R0317,4,5,5,3,3,4,2,5,3,5,3,3,L
R0318,5,4,4,5,4,2,4,4,5,4,3,3,P
R0319,4,5,5,4,3,2,3,4,5,5,4,4,L
R0320,4,3,5,3,4,2,3,5,4,4,2,4,P
R0321,4,3,4,2,4,4,2,3,2,4,3,4,P
R0322,,5,5,5,5,3,4,5,4,5,3,4,L
R0323,4,4,2,3,3,4,4,2,2,4,2,3,P
R0324,4,3,2,3,3,3,1,1,4,5,2,3,L
R0325,5,5,5,5,5,3,3,4,4,4,2,3,P
R0326,4,3,4,3,3,1,3,2,2,3,2,3,L
R0327,5,5,5,4,5,5,3,5,5,5,4,5,L
R0328,4,4,4,4,3,2,3,3,4,4,2,3,P
R0329,4,5,4,,4,3,3,4,5,4,4,4,P
R0330,4,3,3,3,4,2,2,4,5,3,3,3,P
R0331,5,4,5,3,4,3,3,4,3,4,1,4,P
R0332,3,1,5,5,4,2,3,2,4,4,2,4,P
R0333,2,1,4,2,,2,,2,1,3,1,3,P
R0334,3,2,1,4,2,1,2,4,2,4,3,2,L
R0335,2,3,3,4,4,2,3,2,4,4,3,4,P
R0336,2,2,4,3,3,1,3,3,1,4,1,4,P
R0337,5,5,5,5,4,3,4,5,5,3,3,5,L
R0338,2,3,4,4,4,4,4,3,4,4,3,3,L
R0339,5,2,4,3,3,2,2,2,2,4,,4,P
R0340,5,4,5,3,2,3,4,4,2,5,4,4,L
R0341,1,1,4,2,1,1,2,1,1,1,1,2,L
R0342,4,3,3,4,,2,1,2,2,5,2,2,L
R0343,5,4,5,5,5,5,5,4,5,5,4,5,P
R0344,3,4,4,5,4,2,3,3,5,3,5,5,L
R0345,4,4,3,3,4,4,3,2,3,4,2,3,L
R0346,5,4,5,4,5,3,4,5,3,4,3,4,L
R0347,4,3,5,5,5,3,3,4,4,5,5,4,L
R0348,2,3,4,3,2,1,2,3,3,3,2,3,P
R0349,2,3,3,3,2,1,2,2,2,3,2,2,L
R0350,3,2,3,4,2,2,3,2,1,5,1,4,L
