ID,S01,S02,S03,S04,S05,S06,S07,S08,S09,S10,S11,S12,S13,S14,S15,S16,S17,S18,S19,S20,Jenis_Kelamin
R0001,1,0,0,1,0,1,1,1,1,1,1,0,0,1,0,1,1,1,1,1,P
R0002,0,1,0,1,1,1,1,1,1,1,1,0,0,0,0,1,1,1,1,1,P
R0003,0,1,0,1,0,0,1,0,1,1,0,1,0,1,0,0,0,0,1,1,L
R0004,0,1,0,1,0,1,1,0,1,1,1,0,0,0,0,1,1,1,1,,P
R0005,1,1,0,1,1,1,0,1,1,1,1,1,1,,0,1,1,1,0,1,L
R0006,0,1,0,1,1,1,0,0,0,1,0,0,0,0,1,0,0,1,1,0,L
R0007,0,1,1,,1,1,0,1,1,1,0,1,0,1,0,1,0,1,1,1,L
R0008,1,0,1,1,1,1,1,1,1,1,1,1,1,1,0,1,0,0,1,1,L
R0009,0,1,1,1,1,1,0,1,1,1,1,1,0,1,1,1,1,1,,1,L
R0010,0,0,0,1,1,1,1,0,1,1,0,0,0,0,0,1,0,0,1,0,P
R0011,0,1,0,1,0,0,0,0,1,1,0,0,0,1,1,0,0,1,1,1,L
R0012,0,1,0,1,1,1,0,1,1,1,1,0,0,1,1,1,1,0,1,1,P
R0013,0,0,1,1,0,0,0,1,1,0,0,0,0,1,0,0,0,1,1,1,P
R0014,0,,0,1,1,1,0,1,1,,1,0,1,,0,1,1,1,1,1,L
R0015,0,1,1,1,0,1,1,1,1,0,0,1,0,1,0,1,0,1,1,1,L
R0016,0,1,0,1,0,1,1,1,1,1,0,0,0,1,1,0,0,1,1,0,P
R0017,1,1,1,1,1,1,0,1,1,1,1,1,0,1,1,1,0,1,1,1,P
R0018,0,0,0,1,0,1,1,0,1,0,1,0,0,1,0,1,1,1,1,1,L
R0019,0,1,1,1,1,1,1,0,1,1,1,1,1,1,0,,1,1,1,1,L
R0020,1,1,0,1,1,1,1,1,1,1,1,0,1,1,1,1,1,1,1,1,L
R0021,1,1,1,1,1,1,0,1,0,1,1,1,1,1,1,1,1,1,0,1,L
R0022,0,1,0,,0,1,1,1,1,0,0,0,0,1,0,0,0,0,0,1,P
R0023,0,0,0,0,1,1,0,0,1,1,0,0,0,1,0,1,0,1,1,1,L
R0024,1,1,1,1,0,1,1,0,1,1,0,1,0,1,0,1,0,1,0,1,L
R0025,1,1,1,1,1,1,1,1,1,1,1,1,0,1,0,1,1,1,1,1,P
R0026,0,1,0,1,0,1,1,1,1,1,1,1,0,1,0,0,1,1,1,0,L
R0027,0,1,1,0,0,0,0,0,1,0,0,0,0,,0,1,0,0,1,1,L
R0028,0,0,0,1,1,1,1,0,1,1,0,0,0,1,1,1,1,1,1,0,L
R0029,1,0,1,,1,0,0,0,1,1,0,1,0,1,1,1,0,0,1,1,L
R0030,1,1,1,1,1,0,1,1,1,1,1,1,0,0,1,1,0,1,1,1,L
R0031,1,0,0,1,1,1,1,0,1,1,0,0,1,1,0,1,1,1,1,1,L
R0032,0,1,,1,0,1,1,0,1,1,0,0,0,1,0,1,0,0,1,1,L
R0033,0,1,1,1,1,1,1,0,1,1,1,0,1,1,0,1,1,1,1,1,P
R0034,0,1,0,1,1,0,1,0,0,1,0,1,0,1,1,0,0,1,1,1,L
R0035,1,1,1,,1,1,0,,1,1,1,1,1,1,0,1,1,1,1,0,P
R0036,0,0,0,1,0,1,,0,1,1,0,0,0,1,0,0,0,1,1,1,P
R0037,0,1,0,1,0,1,0,1,1,1,1,0,0,1,0,1,0,1,1,1,L
R0038,1,0,0,1,1,1,1,0,0,0,0,0,0,1,0,0,0,1,0,1,P
R0039,1,1,1,1,1,1,0,1,,1,1,0,1,1,0,1,0,1,1,1,P
R0040,0,0,0,0,0,1,1,0,0,0,0,0,0,1,0,0,0,1,0,1,P
R0041,0,1,0,1,1,1,1,1,1,1,0,0,0,1,1,0,0,1,0,0,P
R0042,1,1,1,1,1,1,1,1,1,1,1,1,0,1,1,0,1,1,1,1,L
R0043,1,0,1,1,1,1,0,1,1,1,1,1,1,1,1,1,0,1,1,1,P
R0044,0,0,1,1,1,0,1,0,1,0,0,0,0,1,0,1,0,1,1,0,L
R0045,,1,1,1,1,1,0,0,1,1,1,1,0,1,0,1,1,1,1,1,L
R0046,0,1,0,1,0,1,1,1,0,1,0,0,0,1,0,0,1,1,1,1,L
R0047,1,1,0,1,0,1,1,0,1,0,0,0,0,0,0,1,0,1,1,1,P
R0048,0,0,0,0,0,0,,1,0,0,0,0,0,1,0,0,1,0,0,1,P
R0049,0,1,0,1,1,1,0,0,1,1,1,1,1,1,1,1,1,1,1,1,L
R0050,0,0,0,1,1,1,0,1,1,1,1,0,1,1,0,1,0,0,1,1,P
R0051,1,1,1,1,1,0,0,1,1,0,1,1,0,1,1,1,1,1,1,1,P
R0052,0,0,0,1,0,0,0,0,0,0,1,0,0,0,0,0,0,0,1,0,L
R0053,0,0,0,0,0,1,0,0,0,0,0,0,0,1,0,0,0,0,1,1,P
R0054,1,1,1,1,0,1,,1,1,1,0,0,0,1,0,1,0,1,0,1,L
R0055,1,1,0,1,1,1,1,1,1,1,1,1,0,1,0,1,1,1,1,1,L
R0056,0,,1,1,0,0,1,0,1,1,0,0,0,1,0,1,0,1,1,1,P
R0057,0,0,0,0,0,0,1,0,1,0,1,0,1,0,0,0,0,0,0,,L
R0058,0,0,0,0,0,1,0,1,1,1,1,0,0,0,1,1,0,1,1,1,P
R0059,0,0,0,1,0,0,1,1,1,0,0,0,0,0,0,0,0,0,1,1,P
R0060,0,1,1,1,1,0,1,,1,1,1,0,1,0,0,1,1,0,1,0,L
R0061,0,1,1,1,1,1,1,0,1,1,1,0,0,1,0,1,1,1,1,1,L
R0062,0,1,1,1,1,1,0,1,1,1,1,1,0,1,0,1,1,1,1,1,L
R0063,1,1,1,1,1,1,1,1,0,0,1,0,0,1,0,1,,1,1,1,L
R0064,1,0,1,1,0,1,0,1,1,1,1,0,0,1,1,0,0,1,1,1,P
R0065,0,1,1,1,1,1,0,1,0,1,1,1,1,1,0,1,,1,1,1,L
R0066,1,1,,1,1,1,1,1,1,1,1,1,0,1,0,1,0,1,1,1,L
R0067,1,1,0,1,0,1,1,0,0,0,1,0,0,1,1,0,0,,1,0,L
R0068,0,0,0,1,0,1,1,1,1,0,0,0,0,1,0,1,0,0,1,1,P
R0069,1,1,0,1,1,1,1,1,1,1,1,1,1,1,1,1,1,1,1,1,P
R0070,1,0,0,1,0,1,1,0,1,1,0,0,0,0,0,1,0,1,1,0,L
R0071,0,1,0,,0,0,0,0,1,0,0,0,0,1,0,0,0,1,1,1,L
R0072,1,1,1,1,1,1,0,1,1,1,1,1,1,1,0,1,1,,1,1,L
R0073,0,1,0,0,0,1,1,0,0,0,0,0,0,1,0,1,0,0,0,0,P
R0074,0,1,0,0,0,0,0,0,0,0,1,0,0,1,0,1,0,1,0,0,L
R0075,1,0,0,1,1,1,0,1,1,1,0,0,0,0,0,1,0,0,1,1,L
R0076,0,1,0,1,0,1,1,1,0,1,0,0,0,1,0,0,0,1,1,1,P
R0077,0,1,0,1,0,0,1,1,1,0,0,0,,1,0,1,0,1,1,1,L
R0078,1,1,1,1,0,0,1,0,1,0,1,0,0,1,0,1,0,1,1,0,P
R0079,0,1,0,1,0,1,1,1,1,1,0,0,0,1,0,0,0,0,1,0,P
R0080,0,1,0,1,0,1,1,0,1,0,1,0,1,1,0,0,1,1,1,1,L
R0081,0,0,0,1,1,1,1,1,1,1,0,0,0,1,0,1,1,1,1,1,P
R0082,,0,0,1,0,0,,0,1,1,1,1,0,1,0,1,0,1,1,1,P
R0083,0,0,1,1,0,1,1,1,1,0,1,1,0,1,1,1,0,0,1,1,P
R0084,0,1,1,1,1,1,0,0,1,0,1,0,1,1,0,1,1,1,1,1,L
R0085,1,1,1,1,1,1,0,1,1,1,1,0,1,1,0,1,1,1,1,1,P
R0086,0,0,0,0,0,0,1,0,1,0,0,0,0,1,0,0,0,0,1,1,P
R0087,1,1,1,1,0,1,0,0,1,1,0,0,0,1,0,1,0,0,1,1,L
R0088,0,1,0,1,1,1,1,1,1,1,1,0,0,1,0,1,0,1,1,0,P
R0089,1,1,1,1,1,1,1,1,1,1,1,1,0,1,0,1,1,0,1,1,P
R0090,0,0,1,1,0,0,0,0,1,1,0,0,0,1,1,1,0,1,,1,P
R0091,1,1,1,1,0,1,1,1,1,1,0,0,0,1,0,1,0,1,1,1,P
R0092,1,0,0,0,0,0,0,1,0,0,0,0,0,1,0,0,0,0,0,0,L
R0093,0,0,1,1,0,1,1,1,1,0,0,0,0,1,0,1,0,0,0,0,P
R0094,0,1,0,1,0,1,0,0,0,0,0,0,0,1,0,1,0,1,1,1,P
R0095,1,0,0,1,,0,1,0,0,0,0,0,0,0,0,0,1,0,1,1,P
R0096,0,1,0,1,0,0,0,1,1,0,0,0,0,0,0,0,0,0,1,1,L
R0097,0,1,0,1,0,0,0,0,0,,0,0,0,1,0,1,1,0,0,0,P
R0098,0,1,1,1,1,1,0,1,1,0,0,0,0,1,0,1,0,0,1,1,P
R0099,1,1,1,1,1,1,0,1,1,1,1,0,0,1,0,1,0,1,1,1,P
R0100,0,0,0,1,0,0,1,0,1,1,0,0,0,1,0,0,0,0,0,1,P
R0101,1,0,0,1,0,0,1,1,1,0,0,0,0,1,0,1,0,1,1,1,L
R0102,0,1,0,0,0,1,0,1,1,1,1,0,1,1,0,1,0,0,1,1,P
R0103,0,1,0,1,0,1,1,1,1,1,0,1,0,1,0,1,0,1,1,,P
R0104,0,1,,0,1,0,1,0,1,1,0,0,0,0,0,0,0,1,0,1,L
R0105,0,0,0,,,1,1,0,1,0,0,0,0,0,0,0,0,0,0,1,P
R0106,0,0,0,1,0,1,1,0,1,0,0,0,0,0,0,0,0,0,0,0,P
R0107,0,0,0,1,1,0,1,0,,1,1,1,0,1,0,1,0,1,1,1,P
R0108,0,1,1,0,0,1,1,1,1,1,1,1,0,1,0,1,0,1,1,1,L
R0109,0,0,1,1,0,1,0,1,1,1,0,0,0,1,0,0,0,0,1,0,P
R0110,1,1,0,1,1,1,1,1,1,1,1,0,0,1,0,1,1,1,1,1,L
R0111,0,0,0,,0,1,1,0,1,0,0,0,0,0,0,0,0,0,1,0,P
R0112,0,1,0,1,1,1,1,1,1,1,1,0,1,1,1,0,0,1,1,1,P
R0113,0,0,1,1,0,1,1,0,1,0,0,0,0,0,0,0,0,1,1,0,L
R0114,0,1,0,1,1,1,0,0,1,1,1,0,1,1,0,1,0,0,1,1,P
R0115,1,0,0,1,0,1,1,1,1,1,1,0,0,0,0,0,0,,1,1,L
R0116,0,1,0,1,1,0,0,1,1,0,0,1,0,1,1,1,0,1,1,1,L
R0117,1,1,0,0,0,1,1,1,1,1,1,1,0,1,0,1,0,0,1,1,L
R0118,1,1,1,1,1,1,0,1,1,1,1,0,0,1,1,1,1,1,1,1,P
R0119,0,0,0,0,0,0,0,0,0,0,0,0,0,1,0,1,0,0,1,1,P
R0120,0,1,1,1,0,1,1,1,1,1,1,1,0,1,0,1,0,1,1,1,L
R0121,0,0,0,1,0,1,0,1,1,0,0,0,0,1,0,1,0,1,1,1,P
R0122,1,1,1,1,1,1,,0,1,0,0,0,0,0,0,0,1,0,1,1,L
R0123,0,0,0,1,0,1,1,0,1,1,1,0,1,1,0,0,0,0,1,1,P
R0124,0,0,1,1,0,1,0,1,1,0,1,0,0,1,0,1,0,0,1,1,P
R0125,1,0,0,0,0,0,0,0,0,0,1,0,0,1,0,1,0,0,1,1,P
R0126,1,1,0,1,1,1,0,1,1,1,1,0,0,1,1,,1,1,1,0,L
R0127,0,1,0,1,1,1,1,0,1,0,0,0,0,1,0,1,1,1,0,1,L
R0128,0,0,0,1,1,0,1,0,1,0,1,0,0,1,0,1,0,1,1,1,P
R0129,0,1,0,1,0,1,0,0,1,0,1,0,0,,0,0,0,1,1,1,L
R0130,1,0,1,1,0,1,0,0,0,1,0,0,0,1,0,1,0,0,1,1,P
R0131,1,0,0,0,0,1,0,0,0,0,0,0,0,0,0,1,0,0,0,1,L
R0132,0,0,0,1,0,1,1,0,1,0,0,0,0,0,0,1,0,0,1,1,L
R0133,0,1,0,1,0,0,0,0,0,0,0,0,0,1,0,1,0,0,1,1,P
R0134,,1,0,1,0,1,0,1,1,1,0,0,0,1,0,1,0,1,1,0,L
R0135,0,1,1,1,1,1,1,1,1,1,0,1,0,1,0,1,0,1,1,1,L
R0136,1,1,0,1,1,1,1,1,1,1,1,1,0,1,0,1,1,1,1,1,L
R0137,0,1,0,1,1,1,0,1,1,1,1,0,0,1,0,1,1,1,1,1,P
R0138,1,1,1,1,1,1,,1,1,1,1,1,1,1,1,1,1,1,1,1,L
R0139,0,1,0,1,0,1,0,0,1,0,0,1,1,1,1,0,0,1,1,1,P
R0140,0,1,0,1,0,1,0,1,0,1,1,0,0,1,0,1,0,0,1,0,P
R0141,1,0,1,1,,1,0,0,1,1,0,1,0,1,0,1,0,1,1,1,P
R0142,0,1,1,1,0,1,0,1,1,1,0,0,0,1,1,0,0,1,1,1,P
R0143,0,1,0,1,1,1,1,0,1,1,1,1,0,1,,0,0,1,1,1,P
R0144,1,0,0,1,0,0,1,0,1,1,1,0,0,0,0,1,0,1,0,0,P
R0145,0,0,0,1,0,1,0,0,1,0,1,0,0,0,0,1,0,1,0,1,L
R0146,0,0,0,1,0,1,0,1,1,1,0,0,0,0,0,0,0,0,1,0,P
R0147,1,1,1,1,1,1,1,1,1,,0,1,1,1,0,1,,1,1,1,L
R0148,0,,0,0,0,1,1,0,1,0,1,0,0,1,0,1,0,1,0,1,L
R0149,1,1,1,1,1,,1,1,1,1,1,1,,1,0,1,0,1,1,1,L
R0150,1,0,0,1,1,0,0,1,1,0,1,0,0,1,0,1,0,1,1,1,L
R0151,0,0,0,1,0,1,1,1,1,1,0,0,0,1,1,0,0,1,1,1,L
R0152,0,1,1,1,1,1,1,1,1,1,0,0,0,1,1,1,0,1,1,1,P
R0153,0,0,1,1,1,1,1,0,0,0,1,0,0,0,0,0,0,1,0,1,P
R0154,0,0,0,1,0,1,1,1,1,0,0,0,0,1,0,,0,1,1,0,L
R0155,0,1,0,1,0,1,0,0,0,0,0,0,0,1,1,1,0,1,1,0,P
R0156,0,0,0,1,0,0,1,0,1,0,0,0,0,1,0,1,0,0,0,1,L
R0157,0,0,0,0,0,1,1,1,1,0,1,0,1,1,0,1,0,0,1,1,L
R0158,0,1,0,1,1,1,0,,1,1,0,1,1,0,0,1,1,1,0,1,L
R0159,1,1,0,1,0,1,1,0,1,1,0,0,1,1,0,0,1,1,1,0,L
R0160,1,0,1,1,0,1,0,0,1,0,1,0,0,1,,0,0,,1,1,L
R0161,0,0,0,0,0,0,0,0,1,0,0,0,0,1,0,1,0,0,0,1,L
R0162,0,1,1,1,1,1,0,1,1,1,1,0,0,1,0,1,0,0,1,1,P
R0163,1,1,1,1,1,1,1,1,1,1,1,0,0,0,0,1,0,1,1,1,L
R0164,0,1,0,1,1,1,0,0,1,0,0,0,0,1,0,0,0,1,0,1,P
R0165,1,1,0,1,1,1,1,1,1,1,1,0,1,1,1,1,0,1,1,1,L
R0166,1,1,1,1,0,1,0,1,1,1,0,0,1,1,1,1,0,1,1,1,L
R0167,,1,0,0,0,1,0,0,1,1,0,0,1,1,0,1,0,1,1,1,P
R0168,0,0,0,1,0,1,0,1,1,0,1,0,0,0,0,0,0,0,1,1,P
R0169,0,1,1,1,0,1,1,1,1,0,0,0,0,1,0,1,0,0,1,1,L
R0170,1,1,0,1,1,1,1,1,1,1,1,0,0,1,0,1,1,1,1,1,P
R0171,0,1,0,1,1,1,0,1,1,1,1,0,0,1,0,0,1,1,1,1,P
R0172,0,1,0,1,1,0,1,0,1,1,0,1,0,1,0,1,0,0,1,1,L
R0173,0,0,0,1,1,1,0,1,1,1,1,0,0,1,0,0,1,1,1,1,P
R0174,0,0,1,1,1,1,1,0,1,0,0,0,0,0,0,0,0,1,0,1,L
R0175,0,0,0,0,0,0,0,0,0,1,1,0,0,1,0,0,0,0,0,0,P
R0176,0,1,0,1,1,1,0,1,1,0,0,0,0,1,0,0,0,1,0,1,L
R0177,1,0,0,1,1,0,0,0,0,1,0,0,0,1,0,0,0,1,0,0,P
R0178,0,0,0,0,0,1,,0,0,0,0,0,0,1,0,0,0,0,0,0,P
R0179,0,1,1,1,0,1,0,,1,1,1,0,1,1,0,1,1,1,1,1,P
R0180,0,0,0,1,1,0,1,0,1,1,0,0,0,0,0,1,0,1,1,1,L
R0181,1,1,1,1,1,1,1,1,1,1,1,1,1,1,0,1,1,1,1,1,L
R0182,1,,0,,0,1,1,1,1,0,1,0,0,1,0,1,0,1,1,1,P
R0183,0,,0,1,0,1,1,0,1,1,0,0,0,1,0,0,0,1,1,0,L
R0184,0,0,0,1,0,0,1,0,1,0,0,0,0,1,0,1,,1,1,1,L
R0185,0,1,1,1,1,1,1,1,1,1,1,1,1,1,0,1,0,1,1,1,P
R0186,0,,0,1,0,0,0,0,1,0,0,0,0,1,0,0,,1,1,1,L
R0187,0,1,0,0,0,1,1,0,1,1,0,1,0,1,0,0,1,1,0,1,L
R0188,0,1,0,1,1,0,0,1,1,1,1,0,0,1,0,1,0,0,0,0,L
R0189,0,0,0,1,0,1,0,1,1,0,0,0,0,1,0,1,0,0,0,1,L
R0190,0,0,0,1,1,0,0,0,0,0,0,0,0,0,0,0,0,0,0,1,L
R0191,0,1,0,1,1,1,0,1,1,0,1,0,1,1,0,1,0,1,1,1,P
R0192,0,0,0,1,0,0,1,1,0,0,0,1,0,0,0,0,0,0,0,0,L
R0193,1,1,0,1,0,1,0,0,1,0,,0,0,1,1,1,1,1,1,1,L
R0194,0,1,1,1,0,1,1,1,1,1,1,1,1,1,0,1,0,1,1,1,P
R0195,1,1,0,1,1,1,0,1,1,1,1,0,0,1,1,,0,1,1,1,P
R0196,0,1,0,,0,1,1,0,1,1,1,1,0,1,0,0,0,0,1,1,L
R0197,0,0,0,1,,1,0,,0,1,1,0,0,1,0,1,0,0,1,0,L
R0198,0,0,0,1,0,1,1,0,0,1,1,0,0,1,0,1,0,0,1,1,P
R0199,1,1,0,1,1,1,1,0,1,0,1,0,0,1,0,0,0,,1,1,L
R0200,0,0,0,0,0,1,0,0,0,0,0,0,0,1,0,1,0,0,0,0,L
R0201,1,0,1,1,0,0,1,0,1,0,1,0,1,1,0,0,0,1,1,1,P
R0202,0,0,0,1,0,0,0,0,0,0,0,0,0,1,1,0,0,0,1,1,P
R0203,0,0,0,1,1,1,,0,1,0,1,0,0,,0,1,0,1,1,1,P
R0204,0,1,1,1,1,1,1,1,1,1,1,1,0,1,0,1,0,1,0,1,P
R0205,1,1,0,1,0,1,0,1,1,1,1,0,0,1,0,1,0,1,1,1,L
R0206,0,1,1,0,,1,0,0,1,0,0,0,0,1,0,1,0,,1,0,L
R0207,1,1,1,1,1,1,1,1,1,1,1,0,,1,1,1,1,1,1,1,P
R0208,0,1,1,1,1,1,1,1,1,1,0,1,1,1,0,1,1,1,1,1,P
R0209,0,0,0,1,1,0,1,0,0,1,0,0,0,0,0,,0,0,0,1,P
R0210,0,0,0,1,,1,0,0,0,0,0,0,0,1,0,1,0,0,1,1,L
R0211,0,,0,1,0,1,1,1,1,1,0,1,0,0,0,1,0,1,1,0,P
R0212,1,1,1,1,0,1,0,1,1,1,1,1,0,,0,0,0,1,1,1,P
R0213,0,1,0,1,0,1,1,0,0,0,0,0,0,1,0,1,1,1,0,1,P
R0214,0,1,0,1,1,0,0,1,1,1,1,0,0,1,1,1,0,1,1,1,P
R0215,0,1,0,1,0,0,1,0,1,1,0,0,0,1,0,0,0,0,1,1,P
R0216,0,1,0,1,1,1,1,1,1,1,1,0,0,1,0,1,0,1,1,0,P
R0217,0,1,0,1,0,0,1,1,1,0,0,0,0,0,0,1,0,0,1,1,L
R0218,0,1,0,1,1,0,0,1,1,0,1,0,,1,0,1,1,0,0,0,P
R0219,0,0,0,0,0,0,0,0,0,0,0,0,0,1,0,0,0,0,1,0,P
R0220,0,0,1,1,0,1,1,1,1,0,1,0,0,1,0,1,0,1,1,1,L
R0221,1,0,0,1,1,1,1,,0,0,1,0,0,0,1,1,0,1,1,0,P
R0222,1,1,0,1,1,1,0,1,1,1,0,1,0,1,1,0,0,1,0,0,P
R0223,1,1,1,1,1,1,1,0,1,1,,0,0,0,0,1,1,1,1,1,L
R0224,0,1,0,1,1,1,1,0,1,1,0,1,0,1,0,1,0,1,1,1,P
R0225,0,1,0,0,1,1,0,0,1,0,0,0,0,1,0,0,0,0,0,1,L
R0226,1,1,0,1,0,0,0,0,0,0,1,0,0,1,0,1,0,1,0,1,L
R0227,0,0,0,1,0,0,1,,1,0,0,0,1,1,0,0,0,1,1,1,P
R0228,1,1,0,1,0,0,1,0,1,0,1,0,0,1,0,,0,1,1,1,L
R0229,0,1,1,1,1,1,1,0,1,1,1,1,0,1,0,1,0,1,1,1,L
R0230,1,1,0,1,1,1,1,0,0,0,1,0,0,1,0,1,0,0,0,0,L
R0231,1,1,0,,0,1,0,1,1,1,0,1,1,1,0,1,1,0,1,1,P
R0232,1,1,1,1,0,1,0,1,1,1,1,1,1,1,1,1,1,1,1,1,P
R0233,0,0,0,0,1,0,0,0,1,0,1,0,0,1,0,0,0,0,1,1,L
R0234,1,0,0,1,0,0,0,0,0,1,1,0,0,1,0,1,1,0,1,0,P
R0235,1,0,1,1,1,1,1,0,0,1,0,0,0,1,0,0,0,0,1,1,L
R0236,1,1,1,1,1,1,0,1,1,1,1,0,0,1,1,1,1,1,1,0,P
R0237,0,0,0,1,0,1,0,0,1,1,0,0,0,1,0,1,0,1,1,1,P
R0238,0,0,1,1,0,1,,0,1,0,1,0,0,1,0,0,0,1,1,0,L
R0239,0,1,0,1,1,0,0,0,0,0,1,0,0,1,0,1,0,0,0,0,P
R0240,0,0,0,1,0,0,0,0,1,0,0,0,0,1,0,0,0,0,1,0,P
R0241,0,1,0,1,0,0,0,0,1,,0,0,0,1,0,0,0,1,1,1,L
R0242,0,0,0,1,0,1,0,1,1,0,1,0,1,0,0,1,0,0,1,0,P
R0243,0,1,0,1,0,0,0,0,0,0,1,0,0,0,0,0,0,0,1,1,L
R0244,0,1,0,1,1,1,1,1,1,1,0,1,0,,0,1,0,1,1,1,L
R0245,0,1,0,1,0,1,0,1,1,0,1,1,0,1,0,0,0,0,1,0,P
R0246,1,1,0,1,0,0,0,0,1,0,0,0,1,1,0,1,0,0,1,0,P
R0247,0,1,0,1,0,1,1,1,0,1,1,1,0,1,0,1,1,0,0,1,L
R0248,0,1,0,1,1,1,1,0,1,1,1,0,0,1,1,1,0,1,1,1,L
R0249,0,1,0,1,1,1,0,1,1,0,1,,0,1,0,1,0,1,1,0,L
R0250,1,0,0,1,1,1,0,0,0,1,0,0,0,0,0,1,0,1,0,1,P
R0251,0,0,0,0,0,0,0,0,1,0,0,0,0,0,0,0,1,1,1,1,P
R0252,0,0,0,1,,1,1,0,0,0,1,,0,1,0,0,0,1,1,1,P
R0253,0,1,0,,1,1,1,1,1,1,0,0,1,0,1,1,0,1,1,1,L
R0254,1,1,0,1,0,1,1,1,1,1,1,0,1,1,0,,0,1,1,1,L
R0255,0,1,0,0,0,,0,1,1,0,1,0,0,1,0,0,0,1,1,0,P
R0256,0,0,0,1,0,0,1,0,1,1,0,0,0,1,0,0,0,0,0,0,P
R0257,0,,0,0,0,1,0,1,0,0,1,0,0,1,0,0,0,0,1,1,L
R0258,0,0,0,0,1,0,0,1,0,0,0,0,0,1,0,0,0,0,0,1,L
R0259,0,0,0,1,0,1,1,0,1,0,0,1,0,1,0,0,0,1,1,1,L
R0260,1,0,0,1,1,1,0,1,1,0,0,0,1,1,1,1,1,1,,0,L
R0261,0,1,0,1,1,1,0,1,1,1,,,0,1,1,1,1,0,1,1,P
R0262,0,1,0,,1,1,1,1,1,0,1,0,1,1,1,0,0,1,1,1,L
R0263,1,1,0,1,1,0,0,1,1,1,0,1,0,1,0,1,0,0,1,1,P
R0264,1,1,1,1,1,1,0,1,1,1,1,0,1,1,1,,1,1,1,1,P
R0265,0,0,1,1,1,1,0,1,1,1,0,0,0,1,1,1,0,1,1,1,P
R0266,0,0,0,1,0,1,1,0,1,0,0,0,0,0,0,1,0,0,1,0,L
R0267,0,1,0,1,1,1,0,0,1,1,0,0,0,1,1,1,0,1,0,1,P
R0268,0,1,1,1,1,1,1,1,1,1,1,0,1,1,0,0,1,1,1,1,P
R0269,0,1,1,1,1,1,1,1,1,1,1,0,1,1,1,1,1,1,1,1,P
R0270,1,1,1,1,1,1,1,0,1,1,1,1,1,1,0,1,1,1,1,1,L
R0271,0,1,1,1,1,1,1,1,1,1,0,0,1,1,0,1,0,1,0,1,L
R0272,0,1,0,1,1,1,1,1,1,1,0,0,0,1,0,0,0,1,1,1,L
R0273,0,1,1,1,0,0,0,1,1,1,,1,0,1,1,0,1,1,1,1,P
R0274,1,0,0,1,,1,0,0,1,0,1,0,0,1,0,0,0,1,1,0,P
R0275,1,1,0,0,0,1,0,1,1,1,1,0,0,1,0,1,0,1,1,1,P
R0276,1,1,0,1,0,,0,0,1,0,1,0,0,1,0,0,0,0,0,0,L
R0277,0,1,1,1,0,0,1,1,1,1,0,0,1,1,0,1,0,0,1,1,P
R0278,0,1,1,0,0,1,1,0,,1,1,0,0,1,0,0,0,0,1,1,P
R0279,0,0,0,1,1,1,0,0,1,1,0,0,1,1,0,1,0,0,1,1,P
R0280,1,1,0,1,0,1,1,1,,1,0,0,1,0,1,1,0,1,1,1,L
R0281,0,0,0,1,0,1,0,0,0,1,0,0,0,1,0,0,1,1,1,1,L
R0282,0,1,0,1,1,1,0,1,1,0,1,1,0,1,0,,0,1,1,1,L
R0283,0,1,0,1,0,1,1,1,0,0,0,0,0,1,,1,0,1,1,1,P
R0284,1,1,1,1,1,1,0,,1,1,1,0,0,1,0,1,0,1,1,1,L
R0285,0,0,1,1,1,1,0,1,0,0,0,0,0,1,0,1,0,1,0,1,P
R0286,0,1,0,1,0,1,0,0,0,0,0,0,0,0,0,1,0,0,0,1,P
R0287,0,1,0,1,1,1,1,0,1,1,1,0,0,1,0,1,0,1,0,1,L
R0288,0,1,0,1,0,0,0,,0,0,0,0,0,1,0,1,0,0,1,0,L
R0289,0,1,1,1,1,,0,1,1,0,0,1,0,,0,1,0,1,1,1,L
R0290,0,1,0,1,,1,1,1,1,0,1,0,0,0,0,1,1,0,1,0,P
R0291,0,1,0,1,0,0,0,1,1,1,0,0,0,1,0,0,0,0,1,0,P
R0292,0,1,0,1,1,1,1,0,1,1,1,0,0,1,0,1,0,0,1,0,P
R0293,0,0,0,1,0,0,1,0,1,0,0,,0,1,0,1,0,1,0,0,L
R0294,0,1,1,1,1,1,0,1,1,1,1,1,0,1,1,0,0,1,1,0,L
R0295,0,0,0,1,0,1,1,0,,0,1,0,0,1,0,1,1,,0,0,P
R0296,0,1,0,1,1,1,1,1,1,1,1,0,1,1,0,1,1,1,1,1,P
R0297,1,1,1,1,0,0,1,1,1,0,1,0,,1,0,1,0,1,0,1,P
R0298,0,0,0,0,0,0,1,1,1,0,1,0,0,1,0,1,0,0,0,0,P
R0299,1,1,0,1,1,1,1,1,1,1,1,0,1,1,0,1,1,1,1,1,P
R0300,0,1,0,1,0,1,0,1,1,1,0,,0,1,1,1,1,1,1,1,L
R0301,1,1,0,1,1,1,,0,1,0,1,1,0,1,1,1,0,1,1,1,L
R0302,0,1,1,1,0,1,1,1,1,1,1,0,0,1,0,1,1,0,1,1,P
R0303,1,0,0,1,,1,0,0,1,1,1,1,0,1,1,1,1,1,0,1,P
R0304,0,1,0,0,1,0,,1,1,1,0,1,0,1,0,0,0,1,1,1,L
R0305,0,0,0,1,0,1,1,0,1,1,0,0,0,1,0,1,1,0,,1,L
R0306,0,0,0,0,1,0,0,0,1,0,1,0,0,1,0,1,0,0,1,1,P
R0307,0,1,1,1,0,1,1,0,1,1,0,0,0,1,0,1,0,0,1,0,L
R0308,0,1,0,0,1,1,1,1,1,0,0,0,1,0,0,0,0,0,,1,P
R0309,0,1,0,1,1,1,1,1,1,1,0,0,,1,0,0,0,0,1,0,P
R0310,0,1,0,1,0,0,0,0,1,1,1,0,0,0,0,1,0,0,0,1,P
R0311,0,0,0,1,1,0,0,0,1,0,1,1,0,0,0,1,0,1,0,1,P
R0312,0,0,1,1,0,1,1,1,1,1,1,0,0,1,0,0,0,0,1,1,L
R0313,0,1,1,1,1,1,1,1,1,1,1,0,0,1,0,1,0,1,1,1,P
R0314,0,1,0,1,1,1,1,0,1,1,1,0,1,1,0,1,0,1,1,0,P
R0315,0,1,0,1,0,1,1,0,0,0,1,0,0,1,0,1,0,0,1,0,L
R0316,0,0,1,0,0,1,0,0,1,0,0,0,0,,0,0,0,1,1,0,L
R0317,1,1,0,,1,1,1,0,1,0,1,0,0,1,0,1,1,1,1,1,P
R0318,0,1,0,0,1,1,0,,1,1,1,1,0,1,0,1,0,1,1,1,L
R0319,0,0,0,1,1,1,0,1,1,0,0,1,0,1,0,0,0,0,1,0,P
R0320,1,1,0,1,0,1,1,1,0,1,1,0,0,1,1,1,0,0,1,1,P
R0321,0,1,0,1,0,1,0,0,1,1,0,0,0,1,1,0,0,1,0,0,P
R0322,1,1,0,1,1,1,1,1,1,1,1,1,0,1,0,1,1,1,1,1,L
R0323,1,1,1,1,1,1,0,1,1,1,1,1,1,1,0,1,0,1,1,1,L
R0324,0,1,0,1,1,1,1,0,0,1,1,1,0,1,1,1,1,1,0,1,L
R0325,1,1,0,1,1,1,0,1,1,1,1,0,0,1,0,,1,1,1,1,L
R0326,1,0,0,1,0,0,,0,1,0,0,1,1,1,0,1,0,1,1,1,L
R0327,0,1,0,1,1,1,0,1,1,0,1,1,,1,1,1,1,1,1,1,L
R0328,0,0,0,1,0,1,0,0,0,1,0,0,0,1,0,1,0,0,,1,L
R0329,1,1,1,1,0,1,1,1,1,1,0,0,0,1,1,1,1,1,1,1,P
R0330,0,1,0,1,0,0,0,0,1,0,1,0,1,1,0,0,0,0,1,0,P
R0331,1,1,1,1,1,1,0,0,0,1,1,0,0,1,0,1,1,,1,1,P
R0332,0,0,1,1,0,1,0,1,1,0,0,1,0,1,0,0,0,0,1,0,L
R0333,0,0,0,1,1,1,1,0,,1,1,1,0,1,0,1,1,1,1,1,L
R0334,1,1,0,1,1,1,1,1,1,1,1,0,0,1,1,1,1,1,1,1,P
R0335,0,1,0,1,,1,1,0,1,1,0,1,0,0,0,1,0,1,1,0,L
R0336,0,1,1,1,1,1,1,1,1,1,0,1,,1,0,1,0,0,1,0,L
R0337,0,0,0,1,0,1,0,0,1,1,0,0,1,1,1,1,0,0,1,0,P
R0338,0,0,0,1,0,0,0,0,0,1,0,0,0,1,0,0,0,1,1,0,L
R0339,0,,1,1,1,0,0,0,0,1,0,0,0,0,0,0,0,0,1,0,L
R0340,0,1,0,1,1,1,0,1,1,0,1,0,1,1,0,1,1,1,1,1,P
R0341,1,1,1,1,1,1,0,1,0,1,1,1,1,1,0,1,1,1,1,0,P
R0342,0,1,1,1,1,1,1,1,0,1,1,0,1,1,0,0,0,1,1,1,L
R0343,0,1,1,1,1,0,1,1,1,1,1,0,0,1,0,1,1,1,1,1,P
R0344,0,0,0,1,0,1,0,0,1,1,1,0,0,,,1,0,1,1,1,P
R0345,1,1,0,1,0,0,1,0,0,0,1,0,,1,0,1,0,1,1,1,P
R0346,0,1,0,1,1,0,1,0,1,0,0,0,0,1,0,1,0,1,1,0,P
R0347,0,1,0,1,0,0,0,0,0,1,,0,0,1,0,0,0,0,0,1,L
R0348,0,1,1,0,0,1,0,,1,0,0,0,0,1,0,0,0,0,1,0,P
R0349,0,1,0,1,1,1,1,1,1,1,0,0,0,1,0,1,0,1,1,0,L
R0350,0,0,0,1,1,1,1,0,0,1,0,1,0,0,0,0,1,0,1,0,L
R0351,0,1,1,1,1,1,0,0,1,1,1,0,0,1,1,1,0,1,1,1,P
R0352,1,1,1,1,0,1,0,1,1,1,0,1,0,1,1,1,1,1,1,0,P
R0353,0,0,0,1,1,0,0,1,1,0,0,0,0,1,0,1,0,0,1,1,L
R0354,0,0,0,0,0,0,1,0,1,0,1,0,0,1,1,0,0,0,0,1,L
R0355,0,1,1,1,1,1,1,1,1,0,0,0,1,1,0,1,0,1,1,1,L
R0356,0,0,0,1,1,1,1,1,1,0,0,0,0,1,0,1,0,1,1,1,P
R0357,1,1,0,1,1,1,1,0,1,1,1,0,1,1,0,1,1,1,1,1,L
R0358,0,1,1,1,,1,0,0,1,0,1,1,1,1,1,1,0,1,1,1,P
R0359,0,0,0,1,1,1,1,1,1,1,1,0,0,1,0,0,0,1,1,1,P
R0360,1,1,0,1,0,1,1,1,1,1,1,0,0,1,0,1,0,1,1,1,L
R0361,1,1,0,1,0,1,0,0,0,0,0,0,0,0,0,0,0,0,1,0,P
R0362,0,1,0,1,0,1,0,0,1,0,0,0,0,0,0,0,0,1,1,1,P
R0363,1,1,1,1,1,1,0,1,1,0,1,1,0,1,0,1,1,1,,1,L
R0364,0,0,1,1,1,1,1,0,1,0,1,0,0,1,0,1,0,1,1,1,P
R0365,0,0,0,1,0,0,0,0,1,0,0,0,0,0,0,0,0,1,0,1,L
R0366,1,1,0,1,0,1,1,0,1,0,1,0,0,1,,1,0,0,1,1,P
R0367,0,0,0,0,0,0,1,0,0,0,0,0,,0,0,0,0,0,0,0,P
R0368,0,0,0,1,0,0,1,0,0,0,0,0,0,1,0,0,0,0,,0,P
R0369,0,0,0,1,1,1,0,0,0,0,0,1,0,1,0,,0,0,0,0,P
R0370,1,1,0,1,1,0,0,0,1,0,1,0,0,1,0,0,1,1,1,1,L
R0371,1,0,1,1,1,1,0,0,1,0,1,0,,1,0,1,0,1,1,1,L
R0372,0,0,0,1,0,0,1,0,0,0,0,0,0,1,0,0,0,0,0,0,L
R0373,0,1,1,1,0,1,1,0,1,1,0,0,0,1,0,1,1,1,1,1,P
R0374,0,0,0,1,0,0,,0,0,0,0,0,0,0,0,0,0,0,0,,P
R0375,0,,0,0,0,1,0,1,0,1,1,0,,1,0,1,1,1,1,1,P
R0376,0,1,1,,0,1,0,0,1,0,0,0,1,1,0,1,1,1,1,1,P
R0377,0,0,,1,,1,1,0,0,0,1,0,1,0,0,1,0,0,0,1,L
R0378,0,1,0,1,0,0,1,0,1,1,0,1,0,1,0,1,0,1,0,1,L
R0379,0,1,0,1,0,1,1,1,1,1,,1,1,1,0,1,0,1,1,1,L
R0380,0,0,0,1,0,1,1,0,0,1,1,,0,1,1,1,1,0,1,0,P
R0381,1,1,0,1,1,1,0,1,1,1,1,0,1,1,0,0,0,1,1,1,P
R0382,1,1,1,1,1,1,0,1,1,1,1,0,1,1,1,1,1,1,1,1,P
R0383,1,1,0,1,1,0,1,0,0,0,1,0,0,,0,1,0,1,1,1,L
R0384,1,0,0,1,0,1,0,0,0,,0,0,0,1,0,0,0,0,0,0,P
R0385,0,1,1,1,1,1,0,1,1,1,1,0,0,1,0,0,0,1,1,1,P
R0386,0,0,0,1,0,0,1,0,0,0,0,0,0,0,0,0,0,0,0,1,L
R0387,0,1,0,1,1,0,0,0,1,1,1,0,0,1,0,1,0,1,1,1,L
R0388,0,1,1,1,0,,1,0,1,0,1,0,0,1,1,1,1,1,1,1,P
R0389,0,1,0,0,0,0,1,0,1,1,1,0,0,1,0,1,0,1,0,1,P
R0390,1,1,1,1,1,1,0,1,1,1,1,1,0,1,0,1,,0,1,1,P
R0391,0,0,0,1,0,1,0,0,1,1,1,1,1,0,0,1,0,0,0,1,L
R0392,0,1,0,1,1,1,0,0,1,1,1,0,1,,0,1,1,1,1,1,L
R0393,1,1,1,1,1,1,1,1,1,1,1,0,0,1,0,1,0,1,1,1,L
R0394,1,1,1,1,1,1,0,1,1,0,1,1,1,1,0,1,0,1,1,1,L
R0395,0,0,0,1,0,0,0,0,0,0,1,0,0,1,0,0,1,1,0,1,P
R0396,0,1,1,1,1,1,0,1,1,1,1,0,0,1,0,1,0,0,1,1,L
R0397,0,1,0,1,1,1,0,1,1,1,1,0,1,1,1,1,1,1,1,1,P
R0398,0,0,1,1,1,0,,1,1,0,1,,0,,0,0,0,1,1,1,P
R0399,0,0,0,1,0,1,1,0,1,0,0,1,0,1,0,0,1,1,1,0,L
R0400,0,1,0,1,0,1,0,1,1,1,0,0,0,0,0,1,0,1,1,1,P
R0401,0,1,0,0,0,1,0,1,1,1,1,0,0,1,0,0,0,1,1,,P
R0402,1,1,1,1,1,1,0,0,1,0,1,0,1,1,1,1,1,1,1,1,P
R0403,0,1,0,1,0,1,0,0,1,1,1,0,0,1,1,1,0,0,0,1,P
R0404,1,1,0,1,0,0,0,1,1,1,1,0,0,1,0,0,0,1,1,1,L
R0405,0,0,0,1,0,1,1,1,1,0,0,0,0,0,1,1,0,1,0,0,L
R0406,1,1,1,1,1,1,0,1,1,1,0,0,1,1,1,1,0,1,1,1,P
R0407,0,0,1,1,0,1,0,0,1,1,0,0,0,1,0,1,1,0,1,1,P
R0408,0,1,0,1,1,1,1,0,1,1,1,0,0,1,1,1,0,1,1,1,L
R0409,0,0,0,1,0,,0,0,1,0,0,0,0,1,0,0,0,1,1,0,L
R0410,0,0,0,1,1,1,,0,1,0,0,0,0,1,0,0,0,0,0,1,P
R0411,0,0,0,1,1,0,1,0,1,0,1,0,0,1,0,0,0,0,0,0,P
R0412,1,0,0,1,0,1,1,0,1,0,0,0,0,1,0,0,1,0,1,0,L
R0413,0,1,0,0,1,1,0,0,1,0,0,0,1,1,0,1,0,,0,1,L
R0414,0,1,1,1,1,1,1,1,,0,1,0,0,0,0,0,0,0,1,1,L
R0415,0,1,0,1,1,1,0,1,1,0,1,1,0,0,0,1,1,0,1,1,P
R0416,0,1,1,1,1,1,1,1,1,1,1,1,1,1,0,1,1,1,1,0,P
R0417,0,1,,,0,0,0,0,1,0,0,0,0,0,1,0,0,1,1,1,L
R0418,0,0,0,1,0,1,0,0,1,0,0,0,0,0,0,0,0,0,1,0,L
R0419,0,0,0,0,1,0,1,0,1,1,0,0,0,,0,0,0,1,0,0,L
R0420,0,0,0,0,1,0,0,1,1,0,,0,0,0,0,0,0,0,1,1,L
R0421,0,1,0,1,1,1,0,0,1,0,1,0,1,1,0,1,0,1,1,1,P
R0422,0,0,0,1,0,1,1,0,0,0,0,0,0,0,0,0,0,1,0,1,L
R0423,0,1,0,1,0,1,0,0,1,1,0,0,,1,0,0,0,1,1,0,L
R0424,0,0,0,1,0,0,1,1,0,0,0,0,0,0,0,0,0,1,0,0,L
R0425,1,1,0,1,1,1,1,1,1,1,1,0,0,0,0,0,1,1,1,1,P
R0426,0,1,1,,0,0,0,1,1,1,1,1,0,1,0,1,0,1,1,1,L
R0427,1,1,1,1,1,1,1,1,1,1,,0,0,1,0,1,0,1,1,1,L
R0428,1,1,0,1,0,1,1,1,1,0,0,0,1,0,0,1,0,0,1,1,P
R0429,1,1,0,1,1,1,0,1,0,0,0,0,0,0,0,1,0,1,1,0,P
R0430,0,1,0,1,0,1,0,0,1,1,1,0,0,1,0,1,0,1,1,1,L
R0431,0,1,1,1,1,1,1,0,1,1,0,1,0,1,0,0,0,1,0,0,L
R0432,1,0,0,1,1,1,1,0,1,1,0,0,0,1,0,1,0,1,1,1,P
R0433,0,1,1,1,0,0,0,1,0,0,0,0,0,1,0,1,0,1,1,1,L
R0434,1,1,1,1,1,1,1,1,1,1,1,1,0,1,1,1,0,0,1,1,L
R0435,1,1,0,1,1,1,0,0,1,1,1,0,0,1,0,1,1,1,1,0,L
R0436,1,1,1,1,0,1,1,1,1,0,1,1,1,1,0,0,0,1,1,1,L
R0437,0,1,0,1,1,1,0,0,1,1,0,0,0,1,0,1,0,1,1,1,P
R0438,0,1,0,1,1,1,0,1,1,1,0,0,1,1,,1,1,1,1,1,L
R0439,1,1,0,1,1,1,0,1,1,1,1,0,1,1,0,1,0,1,1,1,P
R0440,0,1,0,1,0,1,1,0,1,1,1,1,1,1,0,1,1,1,1,1,L
R0441,1,1,1,1,1,1,0,1,1,1,1,0,0,1,0,1,1,1,1,1,L
R0442,1,1,0,1,0,1,1,0,1,0,0,0,0,1,1,1,0,1,1,1,P
R0443,0,,0,1,0,1,0,0,1,0,0,0,0,1,0,1,0,0,1,0,L
R0444,0,0,0,0,0,1,0,0,1,0,0,0,0,1,0,0,0,0,0,0,L
R0445,0,1,1,1,0,1,0,1,1,1,1,0,0,1,1,1,0,1,1,1,P
R0446,1,1,1,1,1,1,1,1,1,1,0,1,0,1,0,1,1,1,1,0,P
R0447,1,1,0,1,0,0,0,0,1,1,0,0,0,1,0,0,0,0,1,1,P
R0448,0,1,0,1,0,1,1,1,1,0,,0,0,1,0,0,1,1,1,1,L
R0449,0,0,0,1,0,0,1,0,0,0,0,0,0,1,0,1,0,0,1,0,L
R0450,0,1,0,1,0,0,0,0,,0,0,0,0,1,0,1,0,0,0,1,L
R0451,0,1,0,1,0,1,0,1,1,1,1,0,0,1,0,0,0,0,1,0,P
R0452,1,1,1,1,1,1,1,0,1,1,0,0,0,1,0,1,0,1,1,1,P
R0453,1,0,0,,0,1,0,0,1,0,1,0,0,1,0,0,0,0,1,1,P
R0454,1,,1,1,1,1,0,1,1,1,0,1,0,1,1,1,0,1,1,1,L
R0455,0,0,0,1,0,0,1,0,1,0,1,0,0,0,0,0,0,0,1,0,P
R0456,1,1,1,1,1,,0,1,1,0,1,0,1,1,0,1,1,1,0,1,L
R0457,0,0,0,1,0,1,1,0,,0,0,0,0,1,0,0,0,0,0,0,P
R0458,0,0,1,1,0,1,0,0,1,1,1,1,1,1,0,1,1,1,1,1,L
R0459,,0,1,1,0,0,0,0,1,1,1,1,0,1,,0,0,1,1,0,L
R0460,0,0,0,1,0,0,1,0,0,0,1,0,0,1,0,1,0,1,1,1,P
R0461,1,1,1,1,1,1,0,1,,1,1,1,1,1,1,1,1,1,1,1,P
R0462,1,1,0,1,0,1,1,0,1,0,1,0,0,0,0,1,0,0,0,0,L
R0463,1,1,0,1,1,1,0,1,1,1,1,1,1,1,1,1,1,1,1,1,L
R0464,0,1,1,1,0,1,1,1,1,1,0,0,1,1,0,1,1,1,1,1,L
R0465,0,0,0,0,0,0,1,0,0,1,1,0,0,0,0,0,0,1,1,0,L
R0466,0,0,0,0,0,1,0,0,0,0,0,0,0,0,0,0,0,0,1,0,P
R0467,1,1,1,1,1,1,0,0,1,1,,1,1,1,0,1,0,1,1,1,L
R0468,1,1,1,1,1,1,,0,1,1,1,0,0,1,0,0,0,1,0,1,P
R0469,0,0,0,1,1,1,1,1,1,0,1,1,1,1,0,1,0,1,1,1,L
R0470,0,1,0,1,0,1,0,1,1,1,1,0,0,1,0,1,0,1,1,1,P
R0471,0,0,0,1,1,1,1,1,1,0,1,0,1,1,0,1,0,1,1,1,P
R0472,1,1,0,1,0,1,1,1,1,1,0,1,1,1,1,1,0,1,1,1,L
R0473,0,0,0,1,0,1,1,1,1,0,1,0,0,1,0,1,1,1,1,0,P
R0474,1,0,1,1,1,1,0,1,1,1,1,1,1,1,1,1,1,1,1,1,L
R0475,0,1,1,1,1,1,1,1,1,1,0,0,0,1,0,,0,1,1,1,P
R0476,0,1,1,1,0,1,1,0,1,0,1,1,0,1,0,1,0,0,,1,P
R0477,0,1,1,1,0,1,1,1,1,1,1,0,0,1,0,1,0,1,1,1,L
R0478,0,1,0,1,0,0,1,1,1,1,1,1,1,1,0,0,1,1,1,1,L
R0479,0,1,0,1,0,1,1,1,1,0,1,1,0,1,1,1,0,1,,1,L
R0480,1,1,1,1,1,1,0,1,1,1,1,1,1,,0,1,1,1,1,1,L
R0481,0,1,1,1,0,1,0,0,1,1,0,0,0,1,0,1,0,1,1,0,P
R0482,1,1,1,1,1,0,0,1,1,1,1,0,1,1,1,1,1,1,1,1,P
R0483,0,0,0,1,0,1,1,1,1,0,1,0,0,1,0,0,0,1,1,0,L
R0484,0,1,0,0,1,1,,1,1,1,1,0,1,0,1,1,0,1,1,1,L
R0485,0,1,0,1,0,1,0,0,1,1,0,0,0,1,0,0,0,0,0,1,L
R0486,0,1,1,1,0,1,0,1,1,1,0,0,0,1,0,1,0,1,0,1,L
R0487,0,0,0,0,0,0,0,0,1,1,1,0,0,0,0,0,0,0,0,1,L
R0488,0,1,0,0,0,0,0,0,1,0,0,0,0,0,0,0,0,1,1,0,L
R0489,0,0,0,0,0,1,1,0,1,0,1,0,0,0,0,0,0,0,1,1,L
R0490,0,1,1,1,0,1,0,0,0,0,0,0,0,1,0,0,0,0,1,1,P
R0491,0,1,1,1,0,1,1,0,0,0,0,0,0,1,0,0,0,1,,0,P
R0492,0,1,0,1,1,0,0,1,1,1,0,1,1,1,0,1,1,1,1,1,L
R0493,0,1,0,1,0,1,0,1,1,1,1,1,0,1,1,1,0,1,1,1,P
R0494,0,0,1,1,1,1,0,1,,1,1,0,0,1,0,1,0,0,1,1,L
R0495,0,0,0,1,0,1,1,1,1,0,0,0,,0,0,0,0,1,,1,P
R0496,0,1,0,1,1,1,1,1,1,1,0,1,0,0,1,1,0,1,1,1,L
R0497,0,,0,1,0,0,1,0,1,1,1,1,0,1,0,1,1,1,1,1,L
R0498,1,1,0,1,1,1,1,1,0,1,1,0,0,1,0,1,0,1,1,1,L
R0499,1,1,1,1,1,1,1,1,1,1,1,1,1,1,1,1,1,1,1,1,P
R0500,0,1,0,1,0,,0,0,1,0,0,0,0,1,0,1,0,1,1,1,P
R0501,0,1,0,1,0,0,1,0,,0,1,0,,1,0,1,0,1,0,1,L
R0502,0,0,0,1,0,0,1,1,1,0,0,0,0,0,0,0,0,0,1,0,P
R0503,0,0,0,1,,0,0,0,0,0,0,0,0,1,0,0,0,0,0,0,P
R0504,0,0,0,1,0,0,0,0,0,0,0,0,0,1,0,1,0,0,1,0,L
R0505,1,1,1,1,0,1,0,0,1,1,,1,1,1,1,1,1,1,1,1,L
R0506,0,0,0,1,0,1,1,1,1,1,0,0,0,0,0,1,0,1,1,1,P
R0507,0,0,0,0,0,0,1,0,0,0,0,0,0,0,0,0,0,0,0,1,P
R0508,1,0,1,0,0,1,0,0,0,1,0,1,0,1,0,,1,1,1,0,L
R0509,1,1,0,1,1,1,1,0,1,0,0,1,1,1,0,1,0,0,1,1,L
R0510,0,0,0,0,0,0,0,0,0,0,0,0,0,1,0,0,1,0,0,0,L
R0511,0,1,0,1,0,0,1,1,1,0,0,0,0,1,0,0,,1,1,1,P
R0512,,0,0,0,0,0,1,0,1,1,1,0,0,0,0,0,0,1,1,0,L
R0513,1,1,1,1,1,1,0,1,1,1,1,1,0,1,0,1,1,1,1,1,L
R0514,1,1,1,1,1,1,1,1,1,1,1,1,1,1,1,1,1,1,1,1,P
R0515,0,0,0,1,1,0,0,0,1,0,0,0,0,0,0,1,0,0,1,1,L
R0516,0,1,0,0,0,0,0,0,1,0,0,0,0,1,0,0,0,0,1,0,L
R0517,0,1,1,1,1,1,1,1,1,1,1,0,1,1,0,1,0,0,1,1,P
R0518,0,0,0,0,0,0,1,0,0,0,0,0,0,0,0,0,0,0,1,0,P
R0519,0,0,0,1,0,0,0,0,1,1,0,0,0,1,0,0,0,1,0,0,P
R0520,1,0,0,1,0,0,0,0,1,1,0,0,0,1,0,1,0,0,0,0,P
R0521,0,0,0,0,0,0,0,0,1,0,0,0,0,1,0,0,0,0,1,1,P
R0522,0,1,1,1,1,1,1,1,1,0,0,1,0,1,0,1,0,1,1,1,P
R0523,1,1,1,1,1,1,0,1,1,1,1,0,0,1,1,1,1,1,1,1,P
R0524,1,0,0,1,1,1,0,0,1,0,1,0,0,1,0,1,0,0,1,0,L
R0525,0,0,0,1,0,1,1,0,1,1,0,1,0,1,1,1,,0,1,1,L
R0526,0,1,1,1,1,0,1,0,1,0,1,0,0,0,0,0,0,1,1,1,P
R0527,0,,0,1,0,0,0,0,0,0,1,0,0,1,0,0,0,0,0,1,P
R0528,0,1,1,1,1,1,0,0,1,0,0,1,1,1,0,1,0,0,1,1,L
R0529,0,1,0,1,0,1,0,0,1,0,1,0,0,1,0,0,0,1,1,0,L
R0530,0,1,0,0,0,0,1,0,0,0,0,0,0,0,0,0,0,0,0,0,P
R0531,0,0,0,1,1,1,0,0,1,1,0,0,1,1,0,0,0,0,1,1,P
R0532,0,1,1,1,0,1,0,1,1,1,1,0,0,1,0,0,0,1,0,1,L
R0533,1,0,0,1,1,1,1,1,1,1,1,0,0,1,0,1,1,0,1,0,P
R0534,0,0,1,1,0,0,0,0,1,0,1,0,0,1,0,0,0,1,0,0,L
R0535,1,1,0,1,1,0,0,1,1,1,1,1,1,1,0,1,0,1,1,1,P
R0536,0,0,0,1,0,1,1,1,1,1,1,1,0,1,0,1,0,0,1,1,L
R0537,0,0,0,1,0,0,0,0,1,1,0,0,0,1,0,0,0,1,0,1,L
R0538,0,1,0,1,1,1,0,1,1,1,1,0,0,1,0,1,0,1,1,1,P
R0539,1,0,0,1,0,1,0,0,1,1,1,0,0,1,0,1,0,0,1,0,P
R0540,1,0,1,1,0,1,1,0,1,1,1,1,1,1,0,1,1,1,1,1,L
R0541,1,1,0,1,0,1,0,1,1,0,1,1,1,1,1,1,0,1,1,1,P
R0542,1,1,1,1,1,1,0,1,1,0,1,0,1,1,,1,1,1,1,1,L
R0543,1,1,1,1,1,,0,1,0,0,0,0,0,1,0,1,1,1,1,1,P
R0544,0,1,0,0,0,1,0,0,1,0,1,1,0,1,0,1,0,1,1,1,L
R0545,0,1,0,1,,1,0,1,1,0,1,0,0,1,0,1,1,0,1,1,L
R0546,1,1,1,0,1,1,0,1,1,1,1,1,1,1,1,1,1,1,1,1,L
R0547,0,0,1,1,1,0,0,0,1,1,0,0,0,1,0,0,1,0,1,1,L
R0548,1,1,1,1,1,0,0,1,1,1,1,1,0,1,0,,0,1,1,1,L
R0549,0,1,1,1,1,1,0,1,1,1,1,0,0,1,0,1,0,1,1,1,L
R0550,0,0,0,1,0,1,0,0,1,1,1,0,0,1,0,1,0,1,1,1,P
R0551,0,1,0,1,1,1,1,1,1,1,1,0,1,1,0,1,0,0,1,1,P
R0552,1,1,0,1,0,0,1,0,1,1,0,1,0,1,1,1,0,0,1,0,L
R0553,0,0,0,1,0,1,1,1,1,1,0,0,0,0,0,1,0,1,1,1,P
R0554,0,1,1,1,1,1,0,1,0,0,1,0,0,1,0,1,0,1,1,1,L
R0555,0,1,1,1,1,1,0,1,1,1,1,1,1,1,1,1,0,1,1,1,P
R0556,0,1,0,1,1,1,0,0,1,1,1,0,0,1,1,,0,,1,1,P
R0557,1,1,0,1,1,1,0,1,1,0,0,0,1,1,0,0,0,1,1,1,L
R0558,0,1,1,1,1,1,1,0,1,1,1,1,1,1,0,1,1,1,1,1,L
R0559,0,1,0,1,0,1,0,1,1,0,1,0,0,0,0,0,0,1,1,0,P
R0560,1,1,1,1,1,1,0,1,1,1,1,1,1,1,0,1,1,1,1,1,P
R0561,0,0,0,1,0,1,1,0,1,0,0,0,1,0,0,0,0,0,1,0,P
R0562,1,1,1,1,1,1,1,1,1,,1,1,0,1,0,1,1,1,1,1,P
R0563,0,1,1,1,1,1,0,1,1,1,1,0,1,1,0,1,0,1,1,0,L
R0564,0,0,0,1,0,0,0,0,1,0,1,0,0,1,0,1,0,0,0,0,P
R0565,0,0,0,0,0,1,0,0,1,0,0,0,0,1,0,1,0,0,0,1,L
R0566,1,1,1,1,1,1,1,0,,1,1,0,1,1,0,1,1,,,1,P
R0567,0,1,,1,1,1,1,0,1,1,1,1,0,1,0,1,0,1,1,1,L
R0568,1,1,1,1,0,1,1,0,1,1,1,0,1,1,0,0,0,1,1,1,L
R0569,0,1,0,1,0,1,1,0,0,0,1,1,0,,0,0,1,1,1,1,L
R0570,0,0,0,1,1,1,1,1,1,0,0,0,0,1,0,1,1,1,1,0,L
R0571,1,0,0,1,1,1,1,0,1,1,0,0,0,1,1,0,1,1,1,1,P
R0572,0,0,0,1,1,0,1,0,1,0,0,0,0,1,0,1,1,1,1,1,L
R0573,0,1,0,1,0,1,0,1,1,0,0,0,0,1,0,0,1,1,0,1,L
R0574,0,0,0,1,1,0,0,1,1,0,0,0,0,0,0,0,0,0,0,0,P
R0575,0,1,1,1,0,1,0,1,1,1,0,0,0,1,0,0,0,1,1,1,L
R0576,0,1,0,1,1,1,1,1,1,1,1,0,0,1,0,1,0,1,1,1,P
R0577,0,0,0,0,0,0,1,1,0,1,1,0,0,1,0,0,0,0,1,0,L
R0578,1,0,0,0,0,1,1,1,0,1,1,1,0,1,0,1,1,0,1,1,L
R0579,0,1,1,1,0,1,1,0,,0,0,0,0,1,0,1,0,0,1,1,L
R0580,0,0,1,0,0,1,1,1,1,1,0,0,0,1,0,,0,1,1,0,P
R0581,1,1,1,0,1,1,1,0,0,,0,0,0,0,0,0,1,1,1,0,L
R0582,1,1,0,1,0,1,0,1,1,0,0,0,0,1,0,1,0,1,1,,L
R0583,0,1,1,1,0,1,1,1,1,1,1,0,1,1,0,1,0,1,1,0,P
R0584,1,1,1,1,1,1,1,0,1,1,1,1,1,0,1,0,0,1,1,0,P
R0585,1,1,1,1,1,1,0,1,1,0,1,1,1,1,0,1,,1,1,1,L
R0586,0,0,0,0,0,0,1,0,1,0,0,0,0,0,0,0,0,1,1,0,L
R0587,0,0,0,0,0,0,0,0,0,0,0,0,0,0,0,0,0,0,0,1,P
R0588,1,1,1,1,0,1,0,1,1,1,1,0,0,1,1,1,1,1,1,1,L
R0589,0,0,1,1,1,0,0,0,1,1,0,1,1,1,0,1,1,1,1,1,P
R0590,0,1,0,1,1,1,1,1,1,1,1,1,0,1,0,1,0,1,1,0,L
R0591,0,0,0,1,1,1,0,0,0,0,1,0,0,1,0,1,0,1,1,1,L
R0592,1,1,0,1,1,1,1,0,1,1,,0,0,1,,0,0,0,1,0,P
R0593,1,,1,1,1,1,0,0,1,1,0,0,0,1,1,1,1,1,1,1,L
R0594,1,1,1,1,1,1,0,1,,0,1,0,0,1,1,1,0,1,1,0,L
R0595,0,0,0,0,0,0,1,0,1,0,0,0,0,0,0,0,0,1,0,0,L
R0596,0,0,0,1,0,1,1,0,1,0,1,0,0,1,0,1,0,1,1,0,P
R0597,0,1,1,1,1,,1,1,1,0,1,1,1,1,0,1,1,1,1,1,L
R0598,0,1,0,1,1,1,1,0,1,0,0,0,0,1,0,1,0,0,1,0,P
R0599,1,1,0,0,0,0,0,0,1,0,1,0,1,1,0,0,0,0,1,1,L
R0600,0,1,1,,0,1,1,1,1,1,1,1,0,0,1,1,0,1,1,1,L
